{
  "split": "test",
  "imgsz": 640,
  "device": "0",
  "overall": {
    "mAP50": 0.4778732324899158,
    "mAP50_95": 0.36453357487167487,
    "mAP75": 0.41136731038315477
  },
  "per_class": {
    "Car": {
      "precision": 0.9480588639607287,
      "recall": 0.8355481727574751,
      "mAP50": 0.8614451243897481,
      "mAP50_95": 0.7327504265083322
    },
    "Pedestrian": {
      "precision": 0.9070234606252725,
      "recall": 0.856,
      "mAP50": 0.8934774256669332,
      "mAP50_95": 0.6212764658550571
    },
    "TrafficLight": {
      "precision": 0.7522132564165859,
      "recall": 0.1431451612903226,
      "mAP50": 0.14995717735791314,
      "mAP50_95": 0.10011325410755231
    },
    "TrafficSign": {
      "precision": 1.0,
      "recall": 0.0,
      "mAP50": 0.0066132025450689295,
      "mAP50_95": 0.003994153015757847
    }
  },
  "results_dir": "runs/fixed/baseline_grouped_test"
}