{
  "weights": "weights/exported/traffic_control_best_fp16.engine",
  "secondary_weights": null,
  "method": "single_model",
  "source": "data/yolo_carla/images/test",
  "images": 150,
  "imgsz": 640,
  "device": "0",
  "half": false,
  "preloaded": true,
  "mean_latency_ms": 3.118814413333174,
  "median_latency_ms": 3.0326079999980493,
  "p95_latency_ms": 3.724937000001205,
  "min_latency_ms": 2.628242000000114,
  "max_latency_ms": 3.985615999994252,
  "fps": 320.63466031352243
}